{
    "a": {
        "data": 4.0,
        "grad": -1.001340950683026
    },
    "b": {
        "data": 0.999329299739067,
        "grad": -1
    },
    "c": {
        "data": 4.999329299739067,
        "grad": -1
    },
    "d": {
        "data": 16.56,
        "grad": 1
    },
    "e": {
        "data": 11.560670700260932,
        "grad": 1
    }
}